{"senal_RLM": 1, "ticker": "MTS.MC", "fecha": " ", "regresiones": {"coef_precio": 0.06435823566726025, "intercep_precio": 17.35227406345197, "coef_ema": 0.062217650485263884, "intercep_ema": 11.557243660652045}, "sesionNum": 199}